<?xml version="1.0" encoding="UTF-8"?><?xml-stylesheet type='text/xsl' href='_UpgradeReport_Files/UpgradeReport.xslt'?><UpgradeLog>
<Properties><Property Name="Solution" Value="DRProjeto">
</Property><Property Name="Solution File" Value="F:\Desenvolvimento\DRSistemas\DR Projeto\SGCO\DRProjeto.sln">
</Property><Property Name="User Options File" Value="F:\Desenvolvimento\DRSistemas\DR Projeto\SGCO\DRProjeto.suo">
</Property><Property Name="Date" Value="terça-feira, 14 de outubro de 2014">
</Property><Property Name="Time" Value="23:10">
</Property></Properties><Event ErrorLevel="0" Project="" Source="DRProjeto.sln" Description="File successfully backed up as F:\Desenvolvimento\DRSistemas\DR Projeto\SGCO\Backup\DRProjeto.sln">
</Event><Event ErrorLevel="0" Project="" Source="DRProjeto.suo" Description="File successfully backed up as F:\Desenvolvimento\DRSistemas\DR Projeto\SGCO\Backup\DRProjeto.suo">
</Event><Event ErrorLevel="0" Project="SGFOC" Source="DRProjetoMain\SGFOC.csproj" Description="Project file successfully backed up as F:\Desenvolvimento\DRSistemas\DR Projeto\SGCO\Backup\DRProjetoMain\SGFOC.csproj">
</Event><Event ErrorLevel="0" Project="SGFOC" Source="DRProjetoMain\AboutBox.cs" Description="File successfully backed up as F:\Desenvolvimento\DRSistemas\DR Projeto\SGCO\Backup\DRProjetoMain\AboutBox.cs">
</Event><Event ErrorLevel="0" Project="SGFOC" Source="DRProjetoMain\AboutBox.Designer.cs" Description="File successfully backed up as F:\Desenvolvimento\DRSistemas\DR Projeto\SGCO\Backup\DRProjetoMain\AboutBox.Designer.cs">
</Event><Event ErrorLevel="0" Project="SGFOC" Source="DRProjetoMain\BackupSQL.cs" Description="File successfully backed up as F:\Desenvolvimento\DRSistemas\DR Projeto\SGCO\Backup\DRProjetoMain\BackupSQL.cs">
</Event><Event ErrorLevel="0" Project="SGFOC" Source="DRProjetoMain\DRFormBackupSQL.cs" Description="File successfully backed up as F:\Desenvolvimento\DRSistemas\DR Projeto\SGCO\Backup\DRProjetoMain\DRFormBackupSQL.cs">
</Event><Event ErrorLevel="0" Project="SGFOC" Source="DRProjetoMain\DRFormBackupSQL.Designer.cs" Description="File successfully backed up as F:\Desenvolvimento\DRSistemas\DR Projeto\SGCO\Backup\DRProjetoMain\DRFormBackupSQL.Designer.cs">
</Event><Event ErrorLevel="0" Project="SGFOC" Source="DRProjetoMain\DRProjetoMain.cs" Description="File successfully backed up as F:\Desenvolvimento\DRSistemas\DR Projeto\SGCO\Backup\DRProjetoMain\DRProjetoMain.cs">
</Event><Event ErrorLevel="0" Project="SGFOC" Source="DRProjetoMain\DRProjetoMain.Designer.cs" Description="File successfully backed up as F:\Desenvolvimento\DRSistemas\DR Projeto\SGCO\Backup\DRProjetoMain\DRProjetoMain.Designer.cs">
</Event><Event ErrorLevel="0" Project="SGFOC" Source="DRProjetoMain\Program.cs" Description="File successfully backed up as F:\Desenvolvimento\DRSistemas\DR Projeto\SGCO\Backup\DRProjetoMain\Program.cs">
</Event><Event ErrorLevel="0" Project="SGFOC" Source="DRProjetoMain\Properties\AssemblyInfo.cs" Description="File successfully backed up as F:\Desenvolvimento\DRSistemas\DR Projeto\SGCO\Backup\DRProjetoMain\Properties\AssemblyInfo.cs">
</Event><Event ErrorLevel="0" Project="SGFOC" Source="DRProjetoMain\Properties\Resources.Designer.cs" Description="File successfully backed up as F:\Desenvolvimento\DRSistemas\DR Projeto\SGCO\Backup\DRProjetoMain\Properties\Resources.Designer.cs">
</Event><Event ErrorLevel="0" Project="SGFOC" Source="DRProjetoMain\Properties\Settings.Designer.cs" Description="File successfully backed up as F:\Desenvolvimento\DRSistemas\DR Projeto\SGCO\Backup\DRProjetoMain\Properties\Settings.Designer.cs">
</Event><Event ErrorLevel="0" Project="SGFOC" Source="DRProjetoMain\Properties\Settings.settings" Description="File successfully backed up as F:\Desenvolvimento\DRSistemas\DR Projeto\SGCO\Backup\DRProjetoMain\Properties\Settings.settings">
</Event><Event ErrorLevel="0" Project="SGFOC" Source="DRProjetoMain\Resources\Casa.png" Description="File successfully backed up as F:\Desenvolvimento\DRSistemas\DR Projeto\SGCO\Backup\DRProjetoMain\Resources\Casa.png">
</Event><Event ErrorLevel="0" Project="SGFOC" Source="DRProjetoMain\Resources\Casa1.png" Description="File successfully backed up as F:\Desenvolvimento\DRSistemas\DR Projeto\SGCO\Backup\DRProjetoMain\Resources\Casa1.png">
</Event><Event ErrorLevel="0" Project="SGFOC" Source="DRProjetoMain\Resources\easymoblog.png" Description="File successfully backed up as F:\Desenvolvimento\DRSistemas\DR Projeto\SGCO\Backup\DRProjetoMain\Resources\easymoblog.png">
</Event><Event ErrorLevel="0" Project="SGFOC" Source="DRProjetoMain\Resources\access.png" Description="File successfully backed up as F:\Desenvolvimento\DRSistemas\DR Projeto\SGCO\Backup\DRProjetoMain\Resources\access.png">
</Event><Event ErrorLevel="0" Project="SGFOC" Source="DRProjetoMain\Resources\company_24.png" Description="File successfully backed up as F:\Desenvolvimento\DRSistemas\DR Projeto\SGCO\Backup\DRProjetoMain\Resources\company_24.png">
</Event><Event ErrorLevel="0" Project="SGFOC" Source="DRProjetoMain\Resources\demographic_16.png" Description="File successfully backed up as F:\Desenvolvimento\DRSistemas\DR Projeto\SGCO\Backup\DRProjetoMain\Resources\demographic_16.png">
</Event><Event ErrorLevel="0" Project="SGFOC" Source="DRProjetoMain\Resources\activity_24.png" Description="File successfully backed up as F:\Desenvolvimento\DRSistemas\DR Projeto\SGCO\Backup\DRProjetoMain\Resources\activity_24.png">
</Event><Event ErrorLevel="0" Project="SGFOC" Source="DRProjetoMain\Resources\LogoSingular.png" Description="File successfully backed up as F:\Desenvolvimento\DRSistemas\DR Projeto\SGCO\Backup\DRProjetoMain\Resources\LogoSingular.png">
</Event><Event ErrorLevel="0" Project="SGFOC" Source="DRProjetoMain\Resources\calendar_month_1_32.png" Description="File successfully backed up as F:\Desenvolvimento\DRSistemas\DR Projeto\SGCO\Backup\DRProjetoMain\Resources\calendar_month_1_32.png">
</Event><Event ErrorLevel="0" Project="SGFOC" Source="DRProjetoMain\Resources\calendar_month_1_16.png" Description="File successfully backed up as F:\Desenvolvimento\DRSistemas\DR Projeto\SGCO\Backup\DRProjetoMain\Resources\calendar_month_1_16.png">
</Event><Event ErrorLevel="0" Project="SGFOC" Source="DRProjetoMain\Resources\focus_groups_32.png" Description="File successfully backed up as F:\Desenvolvimento\DRSistemas\DR Projeto\SGCO\Backup\DRProjetoMain\Resources\focus_groups_32.png">
</Event><Event ErrorLevel="0" Project="SGFOC" Source="DRProjetoMain\Resources\focus_groups_16.png" Description="File successfully backed up as F:\Desenvolvimento\DRSistemas\DR Projeto\SGCO\Backup\DRProjetoMain\Resources\focus_groups_16.png">
</Event><Event ErrorLevel="0" Project="SGFOC" Source="DRProjetoMain\Resources\salesman_back_32.png" Description="File successfully backed up as F:\Desenvolvimento\DRSistemas\DR Projeto\SGCO\Backup\DRProjetoMain\Resources\salesman_back_32.png">
</Event><Event ErrorLevel="0" Project="SGFOC" Source="DRProjetoMain\Resources\salesman_back_16.png" Description="File successfully backed up as F:\Desenvolvimento\DRSistemas\DR Projeto\SGCO\Backup\DRProjetoMain\Resources\salesman_back_16.png">
</Event><Event ErrorLevel="0" Project="SGFOC" Source="DRProjetoMain\Resources\exit.png" Description="File successfully backed up as F:\Desenvolvimento\DRSistemas\DR Projeto\SGCO\Backup\DRProjetoMain\Resources\exit.png">
</Event><Event ErrorLevel="0" Project="SGFOC" Source="DRProjetoMain\Resources\3floppy_unmount.png" Description="File successfully backed up as F:\Desenvolvimento\DRSistemas\DR Projeto\SGCO\Backup\DRProjetoMain\Resources\3floppy_unmount.png">
</Event><Event ErrorLevel="0" Project="SGFOC" Source="DRProjetoMain\Resources\filesaveas.png" Description="File successfully backed up as F:\Desenvolvimento\DRSistemas\DR Projeto\SGCO\Backup\DRProjetoMain\Resources\filesaveas.png">
</Event><Event ErrorLevel="0" Project="SGFOC" Source="DRProjetoMain\Resources\kuser.png" Description="File successfully backed up as F:\Desenvolvimento\DRSistemas\DR Projeto\SGCO\Backup\DRProjetoMain\Resources\kuser.png">
</Event><Event ErrorLevel="0" Project="SGFOC" Source="DRProjetoMain\Resources\sign_dolar_write_32.png" Description="File successfully backed up as F:\Desenvolvimento\DRSistemas\DR Projeto\SGCO\Backup\DRProjetoMain\Resources\sign_dolar_write_32.png">
</Event><Event ErrorLevel="0" Project="SGFOC" Source="DRProjetoMain\Resources\sign_dolar_reload_32.png" Description="File successfully backed up as F:\Desenvolvimento\DRSistemas\DR Projeto\SGCO\Backup\DRProjetoMain\Resources\sign_dolar_reload_32.png">
</Event><Event ErrorLevel="0" Project="SGFOC" Source="DRProjetoMain\Resources\sales_down_32.png" Description="File successfully backed up as F:\Desenvolvimento\DRSistemas\DR Projeto\SGCO\Backup\DRProjetoMain\Resources\sales_down_32.png">
</Event><Event ErrorLevel="0" Project="SGFOC" Source="DRProjetoMain\Resources\SGFOC.ico" Description="File successfully backed up as F:\Desenvolvimento\DRSistemas\DR Projeto\SGCO\Backup\DRProjetoMain\Resources\SGFOC.ico">
</Event><Event ErrorLevel="0" Project="SGFOC" Source="DRProjetoMain\Resources\inventory_star_24.png" Description="File successfully backed up as F:\Desenvolvimento\DRSistemas\DR Projeto\SGCO\Backup\DRProjetoMain\Resources\inventory_star_24.png">
</Event><Event ErrorLevel="0" Project="SGFOC" Source="DRProjetoMain\Resources\piggybank_add_32.png" Description="File successfully backed up as F:\Desenvolvimento\DRSistemas\DR Projeto\SGCO\Backup\DRProjetoMain\Resources\piggybank_add_32.png">
</Event><Event ErrorLevel="0" Project="SGFOC" Source="DRProjetoMain\Resources\SemPermissao.png" Description="File successfully backed up as F:\Desenvolvimento\DRSistemas\DR Projeto\SGCO\Backup\DRProjetoMain\Resources\SemPermissao.png">
</Event><Event ErrorLevel="0" Project="SGFOC" Source="DRProjetoMain\Resources\Permitido.png" Description="File successfully backed up as F:\Desenvolvimento\DRSistemas\DR Projeto\SGCO\Backup\DRProjetoMain\Resources\Permitido.png">
</Event><Event ErrorLevel="0" Project="SGFOC" Source="DRProjetoMain\Resources\arrow-in.png" Description="File successfully backed up as F:\Desenvolvimento\DRSistemas\DR Projeto\SGCO\Backup\DRProjetoMain\Resources\arrow-in.png">
</Event><Event ErrorLevel="0" Project="SGFOC" Source="DRProjetoMain\AboutBox.resx" Description="File successfully backed up as F:\Desenvolvimento\DRSistemas\DR Projeto\SGCO\Backup\DRProjetoMain\AboutBox.resx">
</Event><Event ErrorLevel="0" Project="SGFOC" Source="DRProjetoMain\DRFormBackupSQL.resx" Description="File successfully backed up as F:\Desenvolvimento\DRSistemas\DR Projeto\SGCO\Backup\DRProjetoMain\DRFormBackupSQL.resx">
</Event><Event ErrorLevel="0" Project="SGFOC" Source="DRProjetoMain\DRProjetoMain.resx" Description="File successfully backed up as F:\Desenvolvimento\DRSistemas\DR Projeto\SGCO\Backup\DRProjetoMain\DRProjetoMain.resx">
</Event><Event ErrorLevel="0" Project="SGFOC" Source="DRProjetoMain\Properties\Resources.resx" Description="File successfully backed up as F:\Desenvolvimento\DRSistemas\DR Projeto\SGCO\Backup\DRProjetoMain\Properties\Resources.resx">
</Event><Event ErrorLevel="0" Project="SGFOC" Source="DRProjetoMain\SGFOC.csproj" Description="Project converted successfully">
</Event><Event ErrorLevel="3" Project="SGFOC" Source="DRProjetoMain\SGFOC.csproj" Description="Converted">
</Event><Event ErrorLevel="0" Project="DRProjetoCadastro.Form" Source="DRProjetoCadastro.Form\DRProjetoCadastro.Form.csproj" Description="Project file successfully backed up as F:\Desenvolvimento\DRSistemas\DR Projeto\SGCO\Backup\DRProjetoCadastro.Form\DRProjetoCadastro.Form.csproj">
</Event><Event ErrorLevel="0" Project="DRProjetoCadastro.Form" Source="DRProjetoCadastro.Form\DRCadCota.cs" Description="File successfully backed up as F:\Desenvolvimento\DRSistemas\DR Projeto\SGCO\Backup\DRProjetoCadastro.Form\DRCadCota.cs">
</Event><Event ErrorLevel="0" Project="DRProjetoCadastro.Form" Source="DRProjetoCadastro.Form\DRCadCota.Designer.cs" Description="File successfully backed up as F:\Desenvolvimento\DRSistemas\DR Projeto\SGCO\Backup\DRProjetoCadastro.Form\DRCadCota.Designer.cs">
</Event><Event ErrorLevel="0" Project="DRProjetoCadastro.Form" Source="DRProjetoCadastro.Form\DRCadRendimento.cs" Description="File successfully backed up as F:\Desenvolvimento\DRSistemas\DR Projeto\SGCO\Backup\DRProjetoCadastro.Form\DRCadRendimento.cs">
</Event><Event ErrorLevel="0" Project="DRProjetoCadastro.Form" Source="DRProjetoCadastro.Form\DRCadRendimento.Designer.cs" Description="File successfully backed up as F:\Desenvolvimento\DRSistemas\DR Projeto\SGCO\Backup\DRProjetoCadastro.Form\DRCadRendimento.Designer.cs">
</Event><Event ErrorLevel="0" Project="DRProjetoCadastro.Form" Source="DRProjetoCadastro.Form\DRFormAguarde.cs" Description="File successfully backed up as F:\Desenvolvimento\DRSistemas\DR Projeto\SGCO\Backup\DRProjetoCadastro.Form\DRFormAguarde.cs">
</Event><Event ErrorLevel="0" Project="DRProjetoCadastro.Form" Source="DRProjetoCadastro.Form\DRFormAguarde.Designer.cs" Description="File successfully backed up as F:\Desenvolvimento\DRSistemas\DR Projeto\SGCO\Backup\DRProjetoCadastro.Form\DRFormAguarde.Designer.cs">
</Event><Event ErrorLevel="0" Project="DRProjetoCadastro.Form" Source="DRProjetoCadastro.Form\DRGraficoPercentualObra.cs" Description="File successfully backed up as F:\Desenvolvimento\DRSistemas\DR Projeto\SGCO\Backup\DRProjetoCadastro.Form\DRGraficoPercentualObra.cs">
</Event><Event ErrorLevel="0" Project="DRProjetoCadastro.Form" Source="DRProjetoCadastro.Form\DRGraficoPercentualObra.Designer.cs" Description="File successfully backed up as F:\Desenvolvimento\DRSistemas\DR Projeto\SGCO\Backup\DRProjetoCadastro.Form\DRGraficoPercentualObra.Designer.cs">
</Event><Event ErrorLevel="0" Project="DRProjetoCadastro.Form" Source="DRProjetoCadastro.Form\DRInvestidorLan.cs" Description="File successfully backed up as F:\Desenvolvimento\DRSistemas\DR Projeto\SGCO\Backup\DRProjetoCadastro.Form\DRInvestidorLan.cs">
</Event><Event ErrorLevel="0" Project="DRProjetoCadastro.Form" Source="DRProjetoCadastro.Form\DRInvestidorLan.Designer.cs" Description="File successfully backed up as F:\Desenvolvimento\DRSistemas\DR Projeto\SGCO\Backup\DRProjetoCadastro.Form\DRInvestidorLan.Designer.cs">
</Event><Event ErrorLevel="0" Project="DRProjetoCadastro.Form" Source="DRProjetoCadastro.Form\DRCadAtividade.cs" Description="File successfully backed up as F:\Desenvolvimento\DRSistemas\DR Projeto\SGCO\Backup\DRProjetoCadastro.Form\DRCadAtividade.cs">
</Event><Event ErrorLevel="0" Project="DRProjetoCadastro.Form" Source="DRProjetoCadastro.Form\DRCadAtividade.Designer.cs" Description="File successfully backed up as F:\Desenvolvimento\DRSistemas\DR Projeto\SGCO\Backup\DRProjetoCadastro.Form\DRCadAtividade.Designer.cs">
</Event><Event ErrorLevel="0" Project="DRProjetoCadastro.Form" Source="DRProjetoCadastro.Form\DRCadFornecedor.cs" Description="File successfully backed up as F:\Desenvolvimento\DRSistemas\DR Projeto\SGCO\Backup\DRProjetoCadastro.Form\DRCadFornecedor.cs">
</Event><Event ErrorLevel="0" Project="DRProjetoCadastro.Form" Source="DRProjetoCadastro.Form\DRCadFornecedor.Designer.cs" Description="File successfully backed up as F:\Desenvolvimento\DRSistemas\DR Projeto\SGCO\Backup\DRProjetoCadastro.Form\DRCadFornecedor.Designer.cs">
</Event><Event ErrorLevel="0" Project="DRProjetoCadastro.Form" Source="DRProjetoCadastro.Form\DRCadInvestidor.cs" Description="File successfully backed up as F:\Desenvolvimento\DRSistemas\DR Projeto\SGCO\Backup\DRProjetoCadastro.Form\DRCadInvestidor.cs">
</Event><Event ErrorLevel="0" Project="DRProjetoCadastro.Form" Source="DRProjetoCadastro.Form\DRCadInvestidor.Designer.cs" Description="File successfully backed up as F:\Desenvolvimento\DRSistemas\DR Projeto\SGCO\Backup\DRProjetoCadastro.Form\DRCadInvestidor.Designer.cs">
</Event><Event ErrorLevel="0" Project="DRProjetoCadastro.Form" Source="DRProjetoCadastro.Form\DRCadProjeto.cs" Description="File successfully backed up as F:\Desenvolvimento\DRSistemas\DR Projeto\SGCO\Backup\DRProjetoCadastro.Form\DRCadProjeto.cs">
</Event><Event ErrorLevel="0" Project="DRProjetoCadastro.Form" Source="DRProjetoCadastro.Form\DRCadProjeto.Designer.cs" Description="File successfully backed up as F:\Desenvolvimento\DRSistemas\DR Projeto\SGCO\Backup\DRProjetoCadastro.Form\DRCadProjeto.Designer.cs">
</Event><Event ErrorLevel="0" Project="DRProjetoCadastro.Form" Source="DRProjetoCadastro.Form\DRCadEtapa.cs" Description="File successfully backed up as F:\Desenvolvimento\DRSistemas\DR Projeto\SGCO\Backup\DRProjetoCadastro.Form\DRCadEtapa.cs">
</Event><Event ErrorLevel="0" Project="DRProjetoCadastro.Form" Source="DRProjetoCadastro.Form\DRCadEtapa.Designer.cs" Description="File successfully backed up as F:\Desenvolvimento\DRSistemas\DR Projeto\SGCO\Backup\DRProjetoCadastro.Form\DRCadEtapa.Designer.cs">
</Event><Event ErrorLevel="0" Project="DRProjetoCadastro.Form" Source="DRProjetoCadastro.Form\DRCronograma.cs" Description="File successfully backed up as F:\Desenvolvimento\DRSistemas\DR Projeto\SGCO\Backup\DRProjetoCadastro.Form\DRCronograma.cs">
</Event><Event ErrorLevel="0" Project="DRProjetoCadastro.Form" Source="DRProjetoCadastro.Form\DRCronograma.Designer.cs" Description="File successfully backed up as F:\Desenvolvimento\DRSistemas\DR Projeto\SGCO\Backup\DRProjetoCadastro.Form\DRCronograma.Designer.cs">
</Event><Event ErrorLevel="0" Project="DRProjetoCadastro.Form" Source="DRProjetoCadastro.Form\DRDespesaLan.cs" Description="File successfully backed up as F:\Desenvolvimento\DRSistemas\DR Projeto\SGCO\Backup\DRProjetoCadastro.Form\DRDespesaLan.cs">
</Event><Event ErrorLevel="0" Project="DRProjetoCadastro.Form" Source="DRProjetoCadastro.Form\DRDespesaLan.Designer.cs" Description="File successfully backed up as F:\Desenvolvimento\DRSistemas\DR Projeto\SGCO\Backup\DRProjetoCadastro.Form\DRDespesaLan.Designer.cs">
</Event><Event ErrorLevel="0" Project="DRProjetoCadastro.Form" Source="DRProjetoCadastro.Form\DRFormDespesa.cs" Description="File successfully backed up as F:\Desenvolvimento\DRSistemas\DR Projeto\SGCO\Backup\DRProjetoCadastro.Form\DRFormDespesa.cs">
</Event><Event ErrorLevel="0" Project="DRProjetoCadastro.Form" Source="DRProjetoCadastro.Form\DRFormDespesa.Designer.cs" Description="File successfully backed up as F:\Desenvolvimento\DRSistemas\DR Projeto\SGCO\Backup\DRProjetoCadastro.Form\DRFormDespesa.Designer.cs">
</Event><Event ErrorLevel="0" Project="DRProjetoCadastro.Form" Source="DRProjetoCadastro.Form\DRManutencaoInvestidor.cs" Description="File successfully backed up as F:\Desenvolvimento\DRSistemas\DR Projeto\SGCO\Backup\DRProjetoCadastro.Form\DRManutencaoInvestidor.cs">
</Event><Event ErrorLevel="0" Project="DRProjetoCadastro.Form" Source="DRProjetoCadastro.Form\DRManutencaoInvestidor.Designer.cs" Description="File successfully backed up as F:\Desenvolvimento\DRSistemas\DR Projeto\SGCO\Backup\DRProjetoCadastro.Form\DRManutencaoInvestidor.Designer.cs">
</Event><Event ErrorLevel="0" Project="DRProjetoCadastro.Form" Source="DRProjetoCadastro.Form\DRProjetoContext.cs" Description="File successfully backed up as F:\Desenvolvimento\DRSistemas\DR Projeto\SGCO\Backup\DRProjetoCadastro.Form\DRProjetoContext.cs">
</Event><Event ErrorLevel="0" Project="DRProjetoCadastro.Form" Source="DRProjetoCadastro.Form\DRSelectProjeto.cs" Description="File successfully backed up as F:\Desenvolvimento\DRSistemas\DR Projeto\SGCO\Backup\DRProjetoCadastro.Form\DRSelectProjeto.cs">
</Event><Event ErrorLevel="0" Project="DRProjetoCadastro.Form" Source="DRProjetoCadastro.Form\DRSelectProjeto.Designer.cs" Description="File successfully backed up as F:\Desenvolvimento\DRSistemas\DR Projeto\SGCO\Backup\DRProjetoCadastro.Form\DRSelectProjeto.Designer.cs">
</Event><Event ErrorLevel="0" Project="DRProjetoCadastro.Form" Source="DRProjetoCadastro.Form\DRUltils_SGFOC.cs" Description="File successfully backed up as F:\Desenvolvimento\DRSistemas\DR Projeto\SGCO\Backup\DRProjetoCadastro.Form\DRUltils_SGFOC.cs">
</Event><Event ErrorLevel="0" Project="DRProjetoCadastro.Form" Source="DRProjetoCadastro.Form\Properties\AssemblyInfo.cs" Description="File successfully backed up as F:\Desenvolvimento\DRSistemas\DR Projeto\SGCO\Backup\DRProjetoCadastro.Form\Properties\AssemblyInfo.cs">
</Event><Event ErrorLevel="0" Project="DRProjetoCadastro.Form" Source="DRProjetoCadastro.Form\Properties\Resources.Designer.cs" Description="File successfully backed up as F:\Desenvolvimento\DRSistemas\DR Projeto\SGCO\Backup\DRProjetoCadastro.Form\Properties\Resources.Designer.cs">
</Event><Event ErrorLevel="0" Project="DRProjetoCadastro.Form" Source="DRProjetoCadastro.Form\Resources\AddAtividade.png" Description="File successfully backed up as F:\Desenvolvimento\DRSistemas\DR Projeto\SGCO\Backup\DRProjetoCadastro.Form\Resources\AddAtividade.png">
</Event><Event ErrorLevel="0" Project="DRProjetoCadastro.Form" Source="DRProjetoCadastro.Form\Resources\AddAtividade1.png" Description="File successfully backed up as F:\Desenvolvimento\DRSistemas\DR Projeto\SGCO\Backup\DRProjetoCadastro.Form\Resources\AddAtividade1.png">
</Event><Event ErrorLevel="0" Project="DRProjetoCadastro.Form" Source="DRProjetoCadastro.Form\Resources\Delete.png" Description="File successfully backed up as F:\Desenvolvimento\DRSistemas\DR Projeto\SGCO\Backup\DRProjetoCadastro.Form\Resources\Delete.png">
</Event><Event ErrorLevel="0" Project="DRProjetoCadastro.Form" Source="DRProjetoCadastro.Form\Resources\edit.png" Description="File successfully backed up as F:\Desenvolvimento\DRSistemas\DR Projeto\SGCO\Backup\DRProjetoCadastro.Form\Resources\edit.png">
</Event><Event ErrorLevel="0" Project="DRProjetoCadastro.Form" Source="DRProjetoCadastro.Form\Resources\Etapa_delete_24.png" Description="File successfully backed up as F:\Desenvolvimento\DRSistemas\DR Projeto\SGCO\Backup\DRProjetoCadastro.Form\Resources\Etapa_delete_24.png">
</Event><Event ErrorLevel="0" Project="DRProjetoCadastro.Form" Source="DRProjetoCadastro.Form\Resources\Atividade_add_24.png" Description="File successfully backed up as F:\Desenvolvimento\DRSistemas\DR Projeto\SGCO\Backup\DRProjetoCadastro.Form\Resources\Atividade_add_24.png">
</Event><Event ErrorLevel="0" Project="DRProjetoCadastro.Form" Source="DRProjetoCadastro.Form\Resources\Atividade_delete_24.png" Description="File successfully backed up as F:\Desenvolvimento\DRSistemas\DR Projeto\SGCO\Backup\DRProjetoCadastro.Form\Resources\Atividade_delete_24.png">
</Event><Event ErrorLevel="0" Project="DRProjetoCadastro.Form" Source="DRProjetoCadastro.Form\Resources\Etapa_add_24.png" Description="File successfully backed up as F:\Desenvolvimento\DRSistemas\DR Projeto\SGCO\Backup\DRProjetoCadastro.Form\Resources\Etapa_add_24.png">
</Event><Event ErrorLevel="0" Project="DRProjetoCadastro.Form" Source="DRProjetoCadastro.Form\Resources\Despesa.png" Description="File successfully backed up as F:\Desenvolvimento\DRSistemas\DR Projeto\SGCO\Backup\DRProjetoCadastro.Form\Resources\Despesa.png">
</Event><Event ErrorLevel="0" Project="DRProjetoCadastro.Form" Source="DRProjetoCadastro.Form\Resources\redo.png" Description="File successfully backed up as F:\Desenvolvimento\DRSistemas\DR Projeto\SGCO\Backup\DRProjetoCadastro.Form\Resources\redo.png">
</Event><Event ErrorLevel="0" Project="DRProjetoCadastro.Form" Source="DRProjetoCadastro.Form\Resources\Casa.png" Description="File successfully backed up as F:\Desenvolvimento\DRSistemas\DR Projeto\SGCO\Backup\DRProjetoCadastro.Form\Resources\Casa.png">
</Event><Event ErrorLevel="0" Project="DRProjetoCadastro.Form" Source="DRProjetoCadastro.Form\Resources\Atividade_.png" Description="File successfully backed up as F:\Desenvolvimento\DRSistemas\DR Projeto\SGCO\Backup\DRProjetoCadastro.Form\Resources\Atividade_.png">
</Event><Event ErrorLevel="0" Project="DRProjetoCadastro.Form" Source="DRProjetoCadastro.Form\Resources\kformula_kfo.png" Description="File successfully backed up as F:\Desenvolvimento\DRSistemas\DR Projeto\SGCO\Backup\DRProjetoCadastro.Form\Resources\kformula_kfo.png">
</Event><Event ErrorLevel="0" Project="DRProjetoCadastro.Form" Source="DRProjetoCadastro.Form\Resources\undo.png" Description="File successfully backed up as F:\Desenvolvimento\DRSistemas\DR Projeto\SGCO\Backup\DRProjetoCadastro.Form\Resources\undo.png">
</Event><Event ErrorLevel="0" Project="DRProjetoCadastro.Form" Source="DRProjetoCadastro.Form\Resources\sign_dolar_search_32.png" Description="File successfully backed up as F:\Desenvolvimento\DRSistemas\DR Projeto\SGCO\Backup\DRProjetoCadastro.Form\Resources\sign_dolar_search_32.png">
</Event><Event ErrorLevel="0" Project="DRProjetoCadastro.Form" Source="DRProjetoCadastro.Form\Resources\clean.png" Description="File successfully backed up as F:\Desenvolvimento\DRSistemas\DR Projeto\SGCO\Backup\DRProjetoCadastro.Form\Resources\clean.png">
</Event><Event ErrorLevel="0" Project="DRProjetoCadastro.Form" Source="DRProjetoCadastro.Form\Resources\accounting_reload_32.png" Description="File successfully backed up as F:\Desenvolvimento\DRSistemas\DR Projeto\SGCO\Backup\DRProjetoCadastro.Form\Resources\accounting_reload_32.png">
</Event><Event ErrorLevel="0" Project="DRProjetoCadastro.Form" Source="DRProjetoCadastro.Form\Resources\accounting_reload_24.png" Description="File successfully backed up as F:\Desenvolvimento\DRSistemas\DR Projeto\SGCO\Backup\DRProjetoCadastro.Form\Resources\accounting_reload_24.png">
</Event><Event ErrorLevel="0" Project="DRProjetoCadastro.Form" Source="DRProjetoCadastro.Form\Resources\exit.png" Description="File successfully backed up as F:\Desenvolvimento\DRSistemas\DR Projeto\SGCO\Backup\DRProjetoCadastro.Form\Resources\exit.png">
</Event><Event ErrorLevel="0" Project="DRProjetoCadastro.Form" Source="DRProjetoCadastro.Form\Resources\activity_24.png" Description="File successfully backed up as F:\Desenvolvimento\DRSistemas\DR Projeto\SGCO\Backup\DRProjetoCadastro.Form\Resources\activity_24.png">
</Event><Event ErrorLevel="0" Project="DRProjetoCadastro.Form" Source="DRProjetoCadastro.Form\Resources\sign_dolar_write_24.png" Description="File successfully backed up as F:\Desenvolvimento\DRSistemas\DR Projeto\SGCO\Backup\DRProjetoCadastro.Form\Resources\sign_dolar_write_24.png">
</Event><Event ErrorLevel="0" Project="DRProjetoCadastro.Form" Source="DRProjetoCadastro.Form\Resources\sales_reload_32.png" Description="File successfully backed up as F:\Desenvolvimento\DRSistemas\DR Projeto\SGCO\Backup\DRProjetoCadastro.Form\Resources\sales_reload_32.png">
</Event><Event ErrorLevel="0" Project="DRProjetoCadastro.Form" Source="DRProjetoCadastro.Form\Resources\sales_down_32.png" Description="File successfully backed up as F:\Desenvolvimento\DRSistemas\DR Projeto\SGCO\Backup\DRProjetoCadastro.Form\Resources\sales_down_32.png">
</Event><Event ErrorLevel="0" Project="DRProjetoCadastro.Form" Source="DRProjetoCadastro.Form\Resources\arrow-in.png" Description="File successfully backed up as F:\Desenvolvimento\DRSistemas\DR Projeto\SGCO\Backup\DRProjetoCadastro.Form\Resources\arrow-in.png">
</Event><Event ErrorLevel="0" Project="DRProjetoCadastro.Form" Source="DRProjetoCadastro.Form\Resources\calculator.png" Description="File successfully backed up as F:\Desenvolvimento\DRSistemas\DR Projeto\SGCO\Backup\DRProjetoCadastro.Form\Resources\calculator.png">
</Event><Event ErrorLevel="0" Project="DRProjetoCadastro.Form" Source="DRProjetoCadastro.Form\DRCadCota.resx" Description="File successfully backed up as F:\Desenvolvimento\DRSistemas\DR Projeto\SGCO\Backup\DRProjetoCadastro.Form\DRCadCota.resx">
</Event><Event ErrorLevel="0" Project="DRProjetoCadastro.Form" Source="DRProjetoCadastro.Form\DRCadAtividade.resx" Description="File successfully backed up as F:\Desenvolvimento\DRSistemas\DR Projeto\SGCO\Backup\DRProjetoCadastro.Form\DRCadAtividade.resx">
</Event><Event ErrorLevel="0" Project="DRProjetoCadastro.Form" Source="DRProjetoCadastro.Form\DRCadEtapa.resx" Description="File successfully backed up as F:\Desenvolvimento\DRSistemas\DR Projeto\SGCO\Backup\DRProjetoCadastro.Form\DRCadEtapa.resx">
</Event><Event ErrorLevel="0" Project="DRProjetoCadastro.Form" Source="DRProjetoCadastro.Form\DRCadFornecedor.resx" Description="File successfully backed up as F:\Desenvolvimento\DRSistemas\DR Projeto\SGCO\Backup\DRProjetoCadastro.Form\DRCadFornecedor.resx">
</Event><Event ErrorLevel="0" Project="DRProjetoCadastro.Form" Source="DRProjetoCadastro.Form\DRCadInvestidor.resx" Description="File successfully backed up as F:\Desenvolvimento\DRSistemas\DR Projeto\SGCO\Backup\DRProjetoCadastro.Form\DRCadInvestidor.resx">
</Event><Event ErrorLevel="0" Project="DRProjetoCadastro.Form" Source="DRProjetoCadastro.Form\DRCadProjeto.resx" Description="File successfully backed up as F:\Desenvolvimento\DRSistemas\DR Projeto\SGCO\Backup\DRProjetoCadastro.Form\DRCadProjeto.resx">
</Event><Event ErrorLevel="0" Project="DRProjetoCadastro.Form" Source="DRProjetoCadastro.Form\DRCadRendimento.resx" Description="File successfully backed up as F:\Desenvolvimento\DRSistemas\DR Projeto\SGCO\Backup\DRProjetoCadastro.Form\DRCadRendimento.resx">
</Event><Event ErrorLevel="0" Project="DRProjetoCadastro.Form" Source="DRProjetoCadastro.Form\DRCronograma.resx" Description="File successfully backed up as F:\Desenvolvimento\DRSistemas\DR Projeto\SGCO\Backup\DRProjetoCadastro.Form\DRCronograma.resx">
</Event><Event ErrorLevel="0" Project="DRProjetoCadastro.Form" Source="DRProjetoCadastro.Form\DRDespesaLan.resx" Description="File successfully backed up as F:\Desenvolvimento\DRSistemas\DR Projeto\SGCO\Backup\DRProjetoCadastro.Form\DRDespesaLan.resx">
</Event><Event ErrorLevel="0" Project="DRProjetoCadastro.Form" Source="DRProjetoCadastro.Form\DRFormAguarde.resx" Description="File successfully backed up as F:\Desenvolvimento\DRSistemas\DR Projeto\SGCO\Backup\DRProjetoCadastro.Form\DRFormAguarde.resx">
</Event><Event ErrorLevel="0" Project="DRProjetoCadastro.Form" Source="DRProjetoCadastro.Form\DRFormDespesa.resx" Description="File successfully backed up as F:\Desenvolvimento\DRSistemas\DR Projeto\SGCO\Backup\DRProjetoCadastro.Form\DRFormDespesa.resx">
</Event><Event ErrorLevel="0" Project="DRProjetoCadastro.Form" Source="DRProjetoCadastro.Form\DRGraficoPercentualObra.resx" Description="File successfully backed up as F:\Desenvolvimento\DRSistemas\DR Projeto\SGCO\Backup\DRProjetoCadastro.Form\DRGraficoPercentualObra.resx">
</Event><Event ErrorLevel="0" Project="DRProjetoCadastro.Form" Source="DRProjetoCadastro.Form\DRInvestidorLan.resx" Description="File successfully backed up as F:\Desenvolvimento\DRSistemas\DR Projeto\SGCO\Backup\DRProjetoCadastro.Form\DRInvestidorLan.resx">
</Event><Event ErrorLevel="0" Project="DRProjetoCadastro.Form" Source="DRProjetoCadastro.Form\DRManutencaoInvestidor.resx" Description="File successfully backed up as F:\Desenvolvimento\DRSistemas\DR Projeto\SGCO\Backup\DRProjetoCadastro.Form\DRManutencaoInvestidor.resx">
</Event><Event ErrorLevel="0" Project="DRProjetoCadastro.Form" Source="DRProjetoCadastro.Form\DRSelectProjeto.resx" Description="File successfully backed up as F:\Desenvolvimento\DRSistemas\DR Projeto\SGCO\Backup\DRProjetoCadastro.Form\DRSelectProjeto.resx">
</Event><Event ErrorLevel="0" Project="DRProjetoCadastro.Form" Source="DRProjetoCadastro.Form\Properties\Resources.resx" Description="File successfully backed up as F:\Desenvolvimento\DRSistemas\DR Projeto\SGCO\Backup\DRProjetoCadastro.Form\Properties\Resources.resx">
</Event><Event ErrorLevel="0" Project="DRProjetoCadastro.Form" Source="DRProjetoCadastro.Form\DRProjetoCadastro.Form.csproj" Description="Project converted successfully">
</Event><Event ErrorLevel="3" Project="DRProjetoCadastro.Form" Source="DRProjetoCadastro.Form\DRProjetoCadastro.Form.csproj" Description="Converted">
</Event><Event ErrorLevel="0" Project="DRProjetoCadastro.Server" Source="DRProjetoCadastro.Server\DRProjetoCadastro.Server.csproj" Description="Project file successfully backed up as F:\Desenvolvimento\DRSistemas\DR Projeto\SGCO\Backup\DRProjetoCadastro.Server\DRProjetoCadastro.Server.csproj">
</Event><Event ErrorLevel="0" Project="DRProjetoCadastro.Server" Source="DRProjetoCadastro.Server\DRCotaServer.cs" Description="File successfully backed up as F:\Desenvolvimento\DRSistemas\DR Projeto\SGCO\Backup\DRProjetoCadastro.Server\DRCotaServer.cs">
</Event><Event ErrorLevel="0" Project="DRProjetoCadastro.Server" Source="DRProjetoCadastro.Server\DRCadRendimentoServer.cs" Description="File successfully backed up as F:\Desenvolvimento\DRSistemas\DR Projeto\SGCO\Backup\DRProjetoCadastro.Server\DRCadRendimentoServer.cs">
</Event><Event ErrorLevel="0" Project="DRProjetoCadastro.Server" Source="DRProjetoCadastro.Server\DRConsultas.cs" Description="File successfully backed up as F:\Desenvolvimento\DRSistemas\DR Projeto\SGCO\Backup\DRProjetoCadastro.Server\DRConsultas.cs">
</Event><Event ErrorLevel="0" Project="DRProjetoCadastro.Server" Source="DRProjetoCadastro.Server\DRCronogramaServer.cs" Description="File successfully backed up as F:\Desenvolvimento\DRSistemas\DR Projeto\SGCO\Backup\DRProjetoCadastro.Server\DRCronogramaServer.cs">
</Event><Event ErrorLevel="0" Project="DRProjetoCadastro.Server" Source="DRProjetoCadastro.Server\DRAcompServer.cs" Description="File successfully backed up as F:\Desenvolvimento\DRSistemas\DR Projeto\SGCO\Backup\DRProjetoCadastro.Server\DRAcompServer.cs">
</Event><Event ErrorLevel="0" Project="DRProjetoCadastro.Server" Source="DRProjetoCadastro.Server\DRAtividadeServer.cs" Description="File successfully backed up as F:\Desenvolvimento\DRSistemas\DR Projeto\SGCO\Backup\DRProjetoCadastro.Server\DRAtividadeServer.cs">
</Event><Event ErrorLevel="0" Project="DRProjetoCadastro.Server" Source="DRProjetoCadastro.Server\DRDespesaServer.cs" Description="File successfully backed up as F:\Desenvolvimento\DRSistemas\DR Projeto\SGCO\Backup\DRProjetoCadastro.Server\DRDespesaServer.cs">
</Event><Event ErrorLevel="0" Project="DRProjetoCadastro.Server" Source="DRProjetoCadastro.Server\DREtapaServer.cs" Description="File successfully backed up as F:\Desenvolvimento\DRSistemas\DR Projeto\SGCO\Backup\DRProjetoCadastro.Server\DREtapaServer.cs">
</Event><Event ErrorLevel="0" Project="DRProjetoCadastro.Server" Source="DRProjetoCadastro.Server\DRFornecedorServer.cs" Description="File successfully backed up as F:\Desenvolvimento\DRSistemas\DR Projeto\SGCO\Backup\DRProjetoCadastro.Server\DRFornecedorServer.cs">
</Event><Event ErrorLevel="0" Project="DRProjetoCadastro.Server" Source="DRProjetoCadastro.Server\DRInvestidoresServer.cs" Description="File successfully backed up as F:\Desenvolvimento\DRSistemas\DR Projeto\SGCO\Backup\DRProjetoCadastro.Server\DRInvestidoresServer.cs">
</Event><Event ErrorLevel="0" Project="DRProjetoCadastro.Server" Source="DRProjetoCadastro.Server\DRInvestidorLanServer.cs" Description="File successfully backed up as F:\Desenvolvimento\DRSistemas\DR Projeto\SGCO\Backup\DRProjetoCadastro.Server\DRInvestidorLanServer.cs">
</Event><Event ErrorLevel="0" Project="DRProjetoCadastro.Server" Source="DRProjetoCadastro.Server\DRLanDespesa.cs" Description="File successfully backed up as F:\Desenvolvimento\DRSistemas\DR Projeto\SGCO\Backup\DRProjetoCadastro.Server\DRLanDespesa.cs">
</Event><Event ErrorLevel="0" Project="DRProjetoCadastro.Server" Source="DRProjetoCadastro.Server\DRManutencaoInvestiddorServer.cs" Description="File successfully backed up as F:\Desenvolvimento\DRSistemas\DR Projeto\SGCO\Backup\DRProjetoCadastro.Server\DRManutencaoInvestiddorServer.cs">
</Event><Event ErrorLevel="0" Project="DRProjetoCadastro.Server" Source="DRProjetoCadastro.Server\DRSelecProjeto.cs" Description="File successfully backed up as F:\Desenvolvimento\DRSistemas\DR Projeto\SGCO\Backup\DRProjetoCadastro.Server\DRSelecProjeto.cs">
</Event><Event ErrorLevel="0" Project="DRProjetoCadastro.Server" Source="DRProjetoCadastro.Server\DRProjetoServer.cs" Description="File successfully backed up as F:\Desenvolvimento\DRSistemas\DR Projeto\SGCO\Backup\DRProjetoCadastro.Server\DRProjetoServer.cs">
</Event><Event ErrorLevel="0" Project="DRProjetoCadastro.Server" Source="DRProjetoCadastro.Server\DSCadastro.cs" Description="File successfully backed up as F:\Desenvolvimento\DRSistemas\DR Projeto\SGCO\Backup\DRProjetoCadastro.Server\DSCadastro.cs">
</Event><Event ErrorLevel="0" Project="DRProjetoCadastro.Server" Source="DRProjetoCadastro.Server\DSCadastro.Designer.cs" Description="File successfully backed up as F:\Desenvolvimento\DRSistemas\DR Projeto\SGCO\Backup\DRProjetoCadastro.Server\DSCadastro.Designer.cs">
</Event><Event ErrorLevel="0" Project="DRProjetoCadastro.Server" Source="DRProjetoCadastro.Server\DSConfigPref.cs" Description="File successfully backed up as F:\Desenvolvimento\DRSistemas\DR Projeto\SGCO\Backup\DRProjetoCadastro.Server\DSConfigPref.cs">
</Event><Event ErrorLevel="0" Project="DRProjetoCadastro.Server" Source="DRProjetoCadastro.Server\DSConfigPref.Designer.cs" Description="File successfully backed up as F:\Desenvolvimento\DRSistemas\DR Projeto\SGCO\Backup\DRProjetoCadastro.Server\DSConfigPref.Designer.cs">
</Event><Event ErrorLevel="0" Project="DRProjetoCadastro.Server" Source="DRProjetoCadastro.Server\DSGraficos.Designer.cs" Description="File successfully backed up as F:\Desenvolvimento\DRSistemas\DR Projeto\SGCO\Backup\DRProjetoCadastro.Server\DSGraficos.Designer.cs">
</Event><Event ErrorLevel="0" Project="DRProjetoCadastro.Server" Source="DRProjetoCadastro.Server\DSInvestidor.cs" Description="File successfully backed up as F:\Desenvolvimento\DRSistemas\DR Projeto\SGCO\Backup\DRProjetoCadastro.Server\DSInvestidor.cs">
</Event><Event ErrorLevel="0" Project="DRProjetoCadastro.Server" Source="DRProjetoCadastro.Server\DSInvestidor.Designer.cs" Description="File successfully backed up as F:\Desenvolvimento\DRSistemas\DR Projeto\SGCO\Backup\DRProjetoCadastro.Server\DSInvestidor.Designer.cs">
</Event><Event ErrorLevel="0" Project="DRProjetoCadastro.Server" Source="DRProjetoCadastro.Server\Properties\AssemblyInfo.cs" Description="File successfully backed up as F:\Desenvolvimento\DRSistemas\DR Projeto\SGCO\Backup\DRProjetoCadastro.Server\Properties\AssemblyInfo.cs">
</Event><Event ErrorLevel="0" Project="DRProjetoCadastro.Server" Source="DRProjetoCadastro.Server\Properties\Settings.Designer.cs" Description="File successfully backed up as F:\Desenvolvimento\DRSistemas\DR Projeto\SGCO\Backup\DRProjetoCadastro.Server\Properties\Settings.Designer.cs">
</Event><Event ErrorLevel="0" Project="DRProjetoCadastro.Server" Source="DRProjetoCadastro.Server\Properties\Resources.Designer.cs" Description="File successfully backed up as F:\Desenvolvimento\DRSistemas\DR Projeto\SGCO\Backup\DRProjetoCadastro.Server\Properties\Resources.Designer.cs">
</Event><Event ErrorLevel="0" Project="DRProjetoCadastro.Server" Source="DRProjetoCadastro.Server\app.config" Description="File successfully backed up as F:\Desenvolvimento\DRSistemas\DR Projeto\SGCO\Backup\DRProjetoCadastro.Server\app.config">
</Event><Event ErrorLevel="0" Project="DRProjetoCadastro.Server" Source="DRProjetoCadastro.Server\DSCadastro.xsc" Description="File successfully backed up as F:\Desenvolvimento\DRSistemas\DR Projeto\SGCO\Backup\DRProjetoCadastro.Server\DSCadastro.xsc">
</Event><Event ErrorLevel="0" Project="DRProjetoCadastro.Server" Source="DRProjetoCadastro.Server\DSCadastro.xsd" Description="File successfully backed up as F:\Desenvolvimento\DRSistemas\DR Projeto\SGCO\Backup\DRProjetoCadastro.Server\DSCadastro.xsd">
</Event><Event ErrorLevel="0" Project="DRProjetoCadastro.Server" Source="DRProjetoCadastro.Server\DSCadastro.xss" Description="File successfully backed up as F:\Desenvolvimento\DRSistemas\DR Projeto\SGCO\Backup\DRProjetoCadastro.Server\DSCadastro.xss">
</Event><Event ErrorLevel="0" Project="DRProjetoCadastro.Server" Source="DRProjetoCadastro.Server\DSConfigPref.xsc" Description="File successfully backed up as F:\Desenvolvimento\DRSistemas\DR Projeto\SGCO\Backup\DRProjetoCadastro.Server\DSConfigPref.xsc">
</Event><Event ErrorLevel="0" Project="DRProjetoCadastro.Server" Source="DRProjetoCadastro.Server\DSConfigPref.xsd" Description="File successfully backed up as F:\Desenvolvimento\DRSistemas\DR Projeto\SGCO\Backup\DRProjetoCadastro.Server\DSConfigPref.xsd">
</Event><Event ErrorLevel="0" Project="DRProjetoCadastro.Server" Source="DRProjetoCadastro.Server\DSConfigPref.xss" Description="File successfully backed up as F:\Desenvolvimento\DRSistemas\DR Projeto\SGCO\Backup\DRProjetoCadastro.Server\DSConfigPref.xss">
</Event><Event ErrorLevel="0" Project="DRProjetoCadastro.Server" Source="DRProjetoCadastro.Server\DSGraficos.xsc" Description="File successfully backed up as F:\Desenvolvimento\DRSistemas\DR Projeto\SGCO\Backup\DRProjetoCadastro.Server\DSGraficos.xsc">
</Event><Event ErrorLevel="0" Project="DRProjetoCadastro.Server" Source="DRProjetoCadastro.Server\DSGraficos.xsd" Description="File successfully backed up as F:\Desenvolvimento\DRSistemas\DR Projeto\SGCO\Backup\DRProjetoCadastro.Server\DSGraficos.xsd">
</Event><Event ErrorLevel="0" Project="DRProjetoCadastro.Server" Source="DRProjetoCadastro.Server\DSGraficos.xss" Description="File successfully backed up as F:\Desenvolvimento\DRSistemas\DR Projeto\SGCO\Backup\DRProjetoCadastro.Server\DSGraficos.xss">
</Event><Event ErrorLevel="0" Project="DRProjetoCadastro.Server" Source="DRProjetoCadastro.Server\DSInvestidor.xsc" Description="File successfully backed up as F:\Desenvolvimento\DRSistemas\DR Projeto\SGCO\Backup\DRProjetoCadastro.Server\DSInvestidor.xsc">
</Event><Event ErrorLevel="0" Project="DRProjetoCadastro.Server" Source="DRProjetoCadastro.Server\DSInvestidor.xsd" Description="File successfully backed up as F:\Desenvolvimento\DRSistemas\DR Projeto\SGCO\Backup\DRProjetoCadastro.Server\DSInvestidor.xsd">
</Event><Event ErrorLevel="0" Project="DRProjetoCadastro.Server" Source="DRProjetoCadastro.Server\DSInvestidor.xss" Description="File successfully backed up as F:\Desenvolvimento\DRSistemas\DR Projeto\SGCO\Backup\DRProjetoCadastro.Server\DSInvestidor.xss">
</Event><Event ErrorLevel="0" Project="DRProjetoCadastro.Server" Source="DRProjetoCadastro.Server\Properties\Settings.settings" Description="File successfully backed up as F:\Desenvolvimento\DRSistemas\DR Projeto\SGCO\Backup\DRProjetoCadastro.Server\Properties\Settings.settings">
</Event><Event ErrorLevel="0" Project="DRProjetoCadastro.Server" Source="DRProjetoCadastro.Server\Properties\Resources.resx" Description="File successfully backed up as F:\Desenvolvimento\DRSistemas\DR Projeto\SGCO\Backup\DRProjetoCadastro.Server\Properties\Resources.resx">
</Event><Event ErrorLevel="0" Project="DRProjetoCadastro.Server" Source="DRProjetoCadastro.Server\DRProjetoCadastro.Server.csproj" Description="Project converted successfully">
</Event><Event ErrorLevel="3" Project="DRProjetoCadastro.Server" Source="DRProjetoCadastro.Server\DRProjetoCadastro.Server.csproj" Description="Converted">
</Event><Event ErrorLevel="0" Project="DRRelatorios.Rel" Source="DRRelatorios.Rel\DRRelatorios.Rel.csproj" Description="Project file successfully backed up as F:\Desenvolvimento\DRSistemas\DR Projeto\SGCO\Backup\DRRelatorios.Rel\DRRelatorios.Rel.csproj">
</Event><Event ErrorLevel="0" Project="DRRelatorios.Rel" Source="DRRelatorios.Rel\DRRelatorios.Rel.csproj.user" Description="Project user file successfully backed up as F:\Desenvolvimento\DRSistemas\DR Projeto\SGCO\Backup\DRRelatorios.Rel\DRRelatorios.Rel.csproj.user">
</Event><Event ErrorLevel="0" Project="DRRelatorios.Rel" Source="DRRelatorios.Rel\DRFormConferenciaDespesas.cs" Description="File successfully backed up as F:\Desenvolvimento\DRSistemas\DR Projeto\SGCO\Backup\DRRelatorios.Rel\DRFormConferenciaDespesas.cs">
</Event><Event ErrorLevel="0" Project="DRRelatorios.Rel" Source="DRRelatorios.Rel\DRFormConferenciaDespesas.Designer.cs" Description="File successfully backed up as F:\Desenvolvimento\DRSistemas\DR Projeto\SGCO\Backup\DRRelatorios.Rel\DRFormConferenciaDespesas.Designer.cs">
</Event><Event ErrorLevel="0" Project="DRRelatorios.Rel" Source="DRRelatorios.Rel\DRFormRelAcompanhamento.cs" Description="File successfully backed up as F:\Desenvolvimento\DRSistemas\DR Projeto\SGCO\Backup\DRRelatorios.Rel\DRFormRelAcompanhamento.cs">
</Event><Event ErrorLevel="0" Project="DRRelatorios.Rel" Source="DRRelatorios.Rel\DRFormRelAcompanhamento.Designer.cs" Description="File successfully backed up as F:\Desenvolvimento\DRSistemas\DR Projeto\SGCO\Backup\DRRelatorios.Rel\DRFormRelAcompanhamento.Designer.cs">
</Event><Event ErrorLevel="0" Project="DRRelatorios.Rel" Source="DRRelatorios.Rel\DRFormRelAcompInvestidor.cs" Description="File successfully backed up as F:\Desenvolvimento\DRSistemas\DR Projeto\SGCO\Backup\DRRelatorios.Rel\DRFormRelAcompInvestidor.cs">
</Event><Event ErrorLevel="0" Project="DRRelatorios.Rel" Source="DRRelatorios.Rel\DRFormRelAcompInvestidor.Designer.cs" Description="File successfully backed up as F:\Desenvolvimento\DRSistemas\DR Projeto\SGCO\Backup\DRRelatorios.Rel\DRFormRelAcompInvestidor.Designer.cs">
</Event><Event ErrorLevel="0" Project="DRRelatorios.Rel" Source="DRRelatorios.Rel\DRFORMRelDespesaAtividade.cs" Description="File successfully backed up as F:\Desenvolvimento\DRSistemas\DR Projeto\SGCO\Backup\DRRelatorios.Rel\DRFORMRelDespesaAtividade.cs">
</Event><Event ErrorLevel="0" Project="DRRelatorios.Rel" Source="DRRelatorios.Rel\DRFORMRelDespesaAtividade.Designer.cs" Description="File successfully backed up as F:\Desenvolvimento\DRSistemas\DR Projeto\SGCO\Backup\DRRelatorios.Rel\DRFORMRelDespesaAtividade.Designer.cs">
</Event><Event ErrorLevel="0" Project="DRRelatorios.Rel" Source="DRRelatorios.Rel\DRFormRelPatrimonio.cs" Description="File successfully backed up as F:\Desenvolvimento\DRSistemas\DR Projeto\SGCO\Backup\DRRelatorios.Rel\DRFormRelPatrimonio.cs">
</Event><Event ErrorLevel="0" Project="DRRelatorios.Rel" Source="DRRelatorios.Rel\DRFormRelPatrimonio.Designer.cs" Description="File successfully backed up as F:\Desenvolvimento\DRSistemas\DR Projeto\SGCO\Backup\DRRelatorios.Rel\DRFormRelPatrimonio.Designer.cs">
</Event><Event ErrorLevel="0" Project="DRRelatorios.Rel" Source="DRRelatorios.Rel\DRRelatorisClass.cs" Description="File successfully backed up as F:\Desenvolvimento\DRSistemas\DR Projeto\SGCO\Backup\DRRelatorios.Rel\DRRelatorisClass.cs">
</Event><Event ErrorLevel="0" Project="DRRelatorios.Rel" Source="DRRelatorios.Rel\DRRelExtratoPagInvestidor.cs" Description="File successfully backed up as F:\Desenvolvimento\DRSistemas\DR Projeto\SGCO\Backup\DRRelatorios.Rel\DRRelExtratoPagInvestidor.cs">
</Event><Event ErrorLevel="0" Project="DRRelatorios.Rel" Source="DRRelatorios.Rel\DRRelExtratoPagInvestidor.Designer.cs" Description="File successfully backed up as F:\Desenvolvimento\DRSistemas\DR Projeto\SGCO\Backup\DRRelatorios.Rel\DRRelExtratoPagInvestidor.Designer.cs">
</Event><Event ErrorLevel="0" Project="DRRelatorios.Rel" Source="DRRelatorios.Rel\DRRelServer.cs" Description="File successfully backed up as F:\Desenvolvimento\DRSistemas\DR Projeto\SGCO\Backup\DRRelatorios.Rel\DRRelServer.cs">
</Event><Event ErrorLevel="0" Project="DRRelatorios.Rel" Source="DRRelatorios.Rel\DRSelecAtividade_Etapa.cs" Description="File successfully backed up as F:\Desenvolvimento\DRSistemas\DR Projeto\SGCO\Backup\DRRelatorios.Rel\DRSelecAtividade_Etapa.cs">
</Event><Event ErrorLevel="0" Project="DRRelatorios.Rel" Source="DRRelatorios.Rel\DRSelecAtividade_Etapa.Designer.cs" Description="File successfully backed up as F:\Desenvolvimento\DRSistemas\DR Projeto\SGCO\Backup\DRRelatorios.Rel\DRSelecAtividade_Etapa.Designer.cs">
</Event><Event ErrorLevel="0" Project="DRRelatorios.Rel" Source="DRRelatorios.Rel\DSRelatorio.cs" Description="File successfully backed up as F:\Desenvolvimento\DRSistemas\DR Projeto\SGCO\Backup\DRRelatorios.Rel\DSRelatorio.cs">
</Event><Event ErrorLevel="0" Project="DRRelatorios.Rel" Source="DRRelatorios.Rel\DSRelatorio.Designer.cs" Description="File successfully backed up as F:\Desenvolvimento\DRSistemas\DR Projeto\SGCO\Backup\DRRelatorios.Rel\DSRelatorio.Designer.cs">
</Event><Event ErrorLevel="0" Project="DRRelatorios.Rel" Source="DRRelatorios.Rel\DSRel_II.Designer.cs" Description="File successfully backed up as F:\Desenvolvimento\DRSistemas\DR Projeto\SGCO\Backup\DRRelatorios.Rel\DSRel_II.Designer.cs">
</Event><Event ErrorLevel="0" Project="DRRelatorios.Rel" Source="DRRelatorios.Rel\Properties\AssemblyInfo.cs" Description="File successfully backed up as F:\Desenvolvimento\DRSistemas\DR Projeto\SGCO\Backup\DRRelatorios.Rel\Properties\AssemblyInfo.cs">
</Event><Event ErrorLevel="0" Project="DRRelatorios.Rel" Source="DRRelatorios.Rel\Properties\Resources.Designer.cs" Description="File successfully backed up as F:\Desenvolvimento\DRSistemas\DR Projeto\SGCO\Backup\DRRelatorios.Rel\Properties\Resources.Designer.cs">
</Event><Event ErrorLevel="0" Project="DRRelatorios.Rel" Source="DRRelatorios.Rel\DSRelatorio.xsc" Description="File successfully backed up as F:\Desenvolvimento\DRSistemas\DR Projeto\SGCO\Backup\DRRelatorios.Rel\DSRelatorio.xsc">
</Event><Event ErrorLevel="0" Project="DRRelatorios.Rel" Source="DRRelatorios.Rel\DSRelatorio.xsd" Description="File successfully backed up as F:\Desenvolvimento\DRSistemas\DR Projeto\SGCO\Backup\DRRelatorios.Rel\DSRelatorio.xsd">
</Event><Event ErrorLevel="0" Project="DRRelatorios.Rel" Source="DRRelatorios.Rel\DSRelatorio.xss" Description="File successfully backed up as F:\Desenvolvimento\DRSistemas\DR Projeto\SGCO\Backup\DRRelatorios.Rel\DSRelatorio.xss">
</Event><Event ErrorLevel="0" Project="DRRelatorios.Rel" Source="DRRelatorios.Rel\Resources\exit.png" Description="File successfully backed up as F:\Desenvolvimento\DRSistemas\DR Projeto\SGCO\Backup\DRRelatorios.Rel\Resources\exit.png">
</Event><Event ErrorLevel="0" Project="DRRelatorios.Rel" Source="DRRelatorios.Rel\DSRel_II.xsc" Description="File successfully backed up as F:\Desenvolvimento\DRSistemas\DR Projeto\SGCO\Backup\DRRelatorios.Rel\DSRel_II.xsc">
</Event><Event ErrorLevel="0" Project="DRRelatorios.Rel" Source="DRRelatorios.Rel\DSRel_II.xsd" Description="File successfully backed up as F:\Desenvolvimento\DRSistemas\DR Projeto\SGCO\Backup\DRRelatorios.Rel\DSRel_II.xsd">
</Event><Event ErrorLevel="0" Project="DRRelatorios.Rel" Source="DRRelatorios.Rel\DSRel_II.xss" Description="File successfully backed up as F:\Desenvolvimento\DRSistemas\DR Projeto\SGCO\Backup\DRRelatorios.Rel\DSRel_II.xss">
</Event><Event ErrorLevel="0" Project="DRRelatorios.Rel" Source="DRRelatorios.Rel\Resources\kghostview.png" Description="File successfully backed up as F:\Desenvolvimento\DRSistemas\DR Projeto\SGCO\Backup\DRRelatorios.Rel\Resources\kghostview.png">
</Event><Event ErrorLevel="0" Project="DRRelatorios.Rel" Source="DRRelatorios.Rel\DRRelCotas.rdlc" Description="File successfully backed up as F:\Desenvolvimento\DRSistemas\DR Projeto\SGCO\Backup\DRRelatorios.Rel\DRRelCotas.rdlc">
</Event><Event ErrorLevel="0" Project="DRRelatorios.Rel" Source="DRRelatorios.Rel\DRFormConferenciaDespesas.resx" Description="File successfully backed up as F:\Desenvolvimento\DRSistemas\DR Projeto\SGCO\Backup\DRRelatorios.Rel\DRFormConferenciaDespesas.resx">
</Event><Event ErrorLevel="0" Project="DRRelatorios.Rel" Source="DRRelatorios.Rel\DRRelConferenciaDespesa.rdlc" Description="File successfully backed up as F:\Desenvolvimento\DRSistemas\DR Projeto\SGCO\Backup\DRRelatorios.Rel\DRRelConferenciaDespesa.rdlc">
</Event><Event ErrorLevel="0" Project="DRRelatorios.Rel" Source="DRRelatorios.Rel\DRRelEtapasAtividadeProjeto.rdlc" Description="File successfully backed up as F:\Desenvolvimento\DRSistemas\DR Projeto\SGCO\Backup\DRRelatorios.Rel\DRRelEtapasAtividadeProjeto.rdlc">
</Event><Event ErrorLevel="0" Project="DRRelatorios.Rel" Source="DRRelatorios.Rel\DRRelExtratoPagInvestidor.rdlc" Description="File successfully backed up as F:\Desenvolvimento\DRSistemas\DR Projeto\SGCO\Backup\DRRelatorios.Rel\DRRelExtratoPagInvestidor.rdlc">
</Event><Event ErrorLevel="0" Project="DRRelatorios.Rel" Source="DRRelatorios.Rel\DRRelDespesa_NaoClassificada.rdlc" Description="File successfully backed up as F:\Desenvolvimento\DRSistemas\DR Projeto\SGCO\Backup\DRRelatorios.Rel\DRRelDespesa_NaoClassificada.rdlc">
</Event><Event ErrorLevel="0" Project="DRRelatorios.Rel" Source="DRRelatorios.Rel\DRFormRelAcompInvestidor.resx" Description="File successfully backed up as F:\Desenvolvimento\DRSistemas\DR Projeto\SGCO\Backup\DRRelatorios.Rel\DRFormRelAcompInvestidor.resx">
</Event><Event ErrorLevel="0" Project="DRRelatorios.Rel" Source="DRRelatorios.Rel\DRFORMRelDespesaAtividade.resx" Description="File successfully backed up as F:\Desenvolvimento\DRSistemas\DR Projeto\SGCO\Backup\DRRelatorios.Rel\DRFORMRelDespesaAtividade.resx">
</Event><Event ErrorLevel="0" Project="DRRelatorios.Rel" Source="DRRelatorios.Rel\DRFormRelPatrimonio.resx" Description="File successfully backed up as F:\Desenvolvimento\DRSistemas\DR Projeto\SGCO\Backup\DRRelatorios.Rel\DRFormRelPatrimonio.resx">
</Event><Event ErrorLevel="0" Project="DRRelatorios.Rel" Source="DRRelatorios.Rel\DRRelAcompanhamentoInvest.rdlc" Description="File successfully backed up as F:\Desenvolvimento\DRSistemas\DR Projeto\SGCO\Backup\DRRelatorios.Rel\DRRelAcompanhamentoInvest.rdlc">
</Event><Event ErrorLevel="0" Project="DRRelatorios.Rel" Source="DRRelatorios.Rel\DRRelAcompanhamentoResumido.rdlc" Description="File successfully backed up as F:\Desenvolvimento\DRSistemas\DR Projeto\SGCO\Backup\DRRelatorios.Rel\DRRelAcompanhamentoResumido.rdlc">
</Event><Event ErrorLevel="0" Project="DRRelatorios.Rel" Source="DRRelatorios.Rel\DRFormRelAcompanhamento.resx" Description="File successfully backed up as F:\Desenvolvimento\DRSistemas\DR Projeto\SGCO\Backup\DRRelatorios.Rel\DRFormRelAcompanhamento.resx">
</Event><Event ErrorLevel="0" Project="DRRelatorios.Rel" Source="DRRelatorios.Rel\DRRelAcompanhamento.rdlc" Description="File successfully backed up as F:\Desenvolvimento\DRSistemas\DR Projeto\SGCO\Backup\DRRelatorios.Rel\DRRelAcompanhamento.rdlc">
</Event><Event ErrorLevel="0" Project="DRRelatorios.Rel" Source="DRRelatorios.Rel\DRRelDespesa_Atividade.rdlc" Description="File successfully backed up as F:\Desenvolvimento\DRSistemas\DR Projeto\SGCO\Backup\DRRelatorios.Rel\DRRelDespesa_Atividade.rdlc">
</Event><Event ErrorLevel="0" Project="DRRelatorios.Rel" Source="DRRelatorios.Rel\DRRelEtapaAtividade.rdlc" Description="File successfully backed up as F:\Desenvolvimento\DRSistemas\DR Projeto\SGCO\Backup\DRRelatorios.Rel\DRRelEtapaAtividade.rdlc">
</Event><Event ErrorLevel="0" Project="DRRelatorios.Rel" Source="DRRelatorios.Rel\DRRelExtratoPagInvestidor.resx" Description="File successfully backed up as F:\Desenvolvimento\DRSistemas\DR Projeto\SGCO\Backup\DRRelatorios.Rel\DRRelExtratoPagInvestidor.resx">
</Event><Event ErrorLevel="0" Project="DRRelatorios.Rel" Source="DRRelatorios.Rel\DRRelInvetidor.rdlc" Description="File successfully backed up as F:\Desenvolvimento\DRSistemas\DR Projeto\SGCO\Backup\DRRelatorios.Rel\DRRelInvetidor.rdlc">
</Event><Event ErrorLevel="0" Project="DRRelatorios.Rel" Source="DRRelatorios.Rel\DRRelPatrimonio.rdlc" Description="File successfully backed up as F:\Desenvolvimento\DRSistemas\DR Projeto\SGCO\Backup\DRRelatorios.Rel\DRRelPatrimonio.rdlc">
</Event><Event ErrorLevel="0" Project="DRRelatorios.Rel" Source="DRRelatorios.Rel\DRSelecAtividade_Etapa.resx" Description="File successfully backed up as F:\Desenvolvimento\DRSistemas\DR Projeto\SGCO\Backup\DRRelatorios.Rel\DRSelecAtividade_Etapa.resx">
</Event><Event ErrorLevel="0" Project="DRRelatorios.Rel" Source="DRRelatorios.Rel\Properties\Resources.resx" Description="File successfully backed up as F:\Desenvolvimento\DRSistemas\DR Projeto\SGCO\Backup\DRRelatorios.Rel\Properties\Resources.resx">
</Event><Event ErrorLevel="0" Project="DRRelatorios.Rel" Source="DRRelatorios.Rel\RelDemo.rdlc" Description="File successfully backed up as F:\Desenvolvimento\DRSistemas\DR Projeto\SGCO\Backup\DRRelatorios.Rel\RelDemo.rdlc">
</Event><Event ErrorLevel="0" Project="DRRelatorios.Rel" Source="DRRelatorios.Rel\DRRelatorios.Rel.csproj" Description="Project converted successfully">
</Event><Event ErrorLevel="3" Project="DRRelatorios.Rel" Source="DRRelatorios.Rel\DRRelatorios.Rel.csproj" Description="Converted">
</Event><Event ErrorLevel="0" Project="DRGlobal.Form" Source="DRGlobal.Form\DRGlobal.Form.csproj" Description="Project file successfully backed up as F:\Desenvolvimento\DRSistemas\DR Projeto\SGCO\Backup\DRGlobal.Form\DRGlobal.Form.csproj">
</Event><Event ErrorLevel="0" Project="DRGlobal.Form" Source="DRGlobal.Form\DRCadEmpresa.cs" Description="File successfully backed up as F:\Desenvolvimento\DRSistemas\DR Projeto\SGCO\Backup\DRGlobal.Form\DRCadEmpresa.cs">
</Event><Event ErrorLevel="0" Project="DRGlobal.Form" Source="DRGlobal.Form\DRCadEmpresa.Designer.cs" Description="File successfully backed up as F:\Desenvolvimento\DRSistemas\DR Projeto\SGCO\Backup\DRGlobal.Form\DRCadEmpresa.Designer.cs">
</Event><Event ErrorLevel="0" Project="DRGlobal.Form" Source="DRGlobal.Form\DRCadUser.cs" Description="File successfully backed up as F:\Desenvolvimento\DRSistemas\DR Projeto\SGCO\Backup\DRGlobal.Form\DRCadUser.cs">
</Event><Event ErrorLevel="0" Project="DRGlobal.Form" Source="DRGlobal.Form\DRCadUser.Designer.cs" Description="File successfully backed up as F:\Desenvolvimento\DRSistemas\DR Projeto\SGCO\Backup\DRGlobal.Form\DRCadUser.Designer.cs">
</Event><Event ErrorLevel="0" Project="DRGlobal.Form" Source="DRGlobal.Form\Properties\AssemblyInfo.cs" Description="File successfully backed up as F:\Desenvolvimento\DRSistemas\DR Projeto\SGCO\Backup\DRGlobal.Form\Properties\AssemblyInfo.cs">
</Event><Event ErrorLevel="0" Project="DRGlobal.Form" Source="DRGlobal.Form\Properties\Resources.Designer.cs" Description="File successfully backed up as F:\Desenvolvimento\DRSistemas\DR Projeto\SGCO\Backup\DRGlobal.Form\Properties\Resources.Designer.cs">
</Event><Event ErrorLevel="0" Project="DRGlobal.Form" Source="DRGlobal.Form\Properties\Settings.Designer.cs" Description="File successfully backed up as F:\Desenvolvimento\DRSistemas\DR Projeto\SGCO\Backup\DRGlobal.Form\Properties\Settings.Designer.cs">
</Event><Event ErrorLevel="0" Project="DRGlobal.Form" Source="DRGlobal.Form\Properties\Settings.settings" Description="File successfully backed up as F:\Desenvolvimento\DRSistemas\DR Projeto\SGCO\Backup\DRGlobal.Form\Properties\Settings.settings">
</Event><Event ErrorLevel="0" Project="DRGlobal.Form" Source="DRGlobal.Form\Resources\folder_images.png" Description="File successfully backed up as F:\Desenvolvimento\DRSistemas\DR Projeto\SGCO\Backup\DRGlobal.Form\Resources\folder_images.png">
</Event><Event ErrorLevel="0" Project="DRGlobal.Form" Source="DRGlobal.Form\Resources\button_cancel.png" Description="File successfully backed up as F:\Desenvolvimento\DRSistemas\DR Projeto\SGCO\Backup\DRGlobal.Form\Resources\button_cancel.png">
</Event><Event ErrorLevel="0" Project="DRGlobal.Form" Source="DRGlobal.Form\Resources\Permitido.png" Description="File successfully backed up as F:\Desenvolvimento\DRSistemas\DR Projeto\SGCO\Backup\DRGlobal.Form\Resources\Permitido.png">
</Event><Event ErrorLevel="0" Project="DRGlobal.Form" Source="DRGlobal.Form\Resources\SemPermissao.png" Description="File successfully backed up as F:\Desenvolvimento\DRSistemas\DR Projeto\SGCO\Backup\DRGlobal.Form\Resources\SemPermissao.png">
</Event><Event ErrorLevel="0" Project="DRGlobal.Form" Source="DRGlobal.Form\Resources\Sem Seguranca.ico" Description="File successfully backed up as F:\Desenvolvimento\DRSistemas\DR Projeto\SGCO\Backup\DRGlobal.Form\Resources\Sem Seguranca.ico">
</Event><Event ErrorLevel="0" Project="DRGlobal.Form" Source="DRGlobal.Form\Resources\Sem Seguranca1.ico" Description="File successfully backed up as F:\Desenvolvimento\DRSistemas\DR Projeto\SGCO\Backup\DRGlobal.Form\Resources\Sem Seguranca1.ico">
</Event><Event ErrorLevel="0" Project="DRGlobal.Form" Source="DRGlobal.Form\Resources\Sem Seguranca.png" Description="File successfully backed up as F:\Desenvolvimento\DRSistemas\DR Projeto\SGCO\Backup\DRGlobal.Form\Resources\Sem Seguranca.png">
</Event><Event ErrorLevel="0" Project="DRGlobal.Form" Source="DRGlobal.Form\DRCadEmpresa.resx" Description="File successfully backed up as F:\Desenvolvimento\DRSistemas\DR Projeto\SGCO\Backup\DRGlobal.Form\DRCadEmpresa.resx">
</Event><Event ErrorLevel="0" Project="DRGlobal.Form" Source="DRGlobal.Form\DRCadUser.resx" Description="File successfully backed up as F:\Desenvolvimento\DRSistemas\DR Projeto\SGCO\Backup\DRGlobal.Form\DRCadUser.resx">
</Event><Event ErrorLevel="0" Project="DRGlobal.Form" Source="DRGlobal.Form\Properties\Resources.resx" Description="File successfully backed up as F:\Desenvolvimento\DRSistemas\DR Projeto\SGCO\Backup\DRGlobal.Form\Properties\Resources.resx">
</Event><Event ErrorLevel="0" Project="DRGlobal.Form" Source="DRGlobal.Form\DRGlobal.Form.csproj" Description="Project converted successfully">
</Event><Event ErrorLevel="3" Project="DRGlobal.Form" Source="DRGlobal.Form\DRGlobal.Form.csproj" Description="Converted">
</Event><Event ErrorLevel="0" Project="DRGlobal.Server" Source="DRGlobal.Server\DRGlobal.Server.csproj" Description="Project file successfully backed up as F:\Desenvolvimento\DRSistemas\DR Projeto\SGCO\Backup\DRGlobal.Server\DRGlobal.Server.csproj">
</Event><Event ErrorLevel="0" Project="DRGlobal.Server" Source="DRGlobal.Server\DREmpresaServer.cs" Description="File successfully backed up as F:\Desenvolvimento\DRSistemas\DR Projeto\SGCO\Backup\DRGlobal.Server\DREmpresaServer.cs">
</Event><Event ErrorLevel="0" Project="DRGlobal.Server" Source="DRGlobal.Server\DRUserServer.cs" Description="File successfully backed up as F:\Desenvolvimento\DRSistemas\DR Projeto\SGCO\Backup\DRGlobal.Server\DRUserServer.cs">
</Event><Event ErrorLevel="0" Project="DRGlobal.Server" Source="DRGlobal.Server\DSEmpresa.Designer.cs" Description="File successfully backed up as F:\Desenvolvimento\DRSistemas\DR Projeto\SGCO\Backup\DRGlobal.Server\DSEmpresa.Designer.cs">
</Event><Event ErrorLevel="0" Project="DRGlobal.Server" Source="DRGlobal.Server\DSUser.Designer.cs" Description="File successfully backed up as F:\Desenvolvimento\DRSistemas\DR Projeto\SGCO\Backup\DRGlobal.Server\DSUser.Designer.cs">
</Event><Event ErrorLevel="0" Project="DRGlobal.Server" Source="DRGlobal.Server\Properties\AssemblyInfo.cs" Description="File successfully backed up as F:\Desenvolvimento\DRSistemas\DR Projeto\SGCO\Backup\DRGlobal.Server\Properties\AssemblyInfo.cs">
</Event><Event ErrorLevel="0" Project="DRGlobal.Server" Source="DRGlobal.Server\Properties\Resources.Designer.cs" Description="File successfully backed up as F:\Desenvolvimento\DRSistemas\DR Projeto\SGCO\Backup\DRGlobal.Server\Properties\Resources.Designer.cs">
</Event><Event ErrorLevel="0" Project="DRGlobal.Server" Source="DRGlobal.Server\Properties\Settings.Designer.cs" Description="File successfully backed up as F:\Desenvolvimento\DRSistemas\DR Projeto\SGCO\Backup\DRGlobal.Server\Properties\Settings.Designer.cs">
</Event><Event ErrorLevel="0" Project="DRGlobal.Server" Source="DRGlobal.Server\app.config" Description="File successfully backed up as F:\Desenvolvimento\DRSistemas\DR Projeto\SGCO\Backup\DRGlobal.Server\app.config">
</Event><Event ErrorLevel="0" Project="DRGlobal.Server" Source="DRGlobal.Server\DSEmpresa.xsc" Description="File successfully backed up as F:\Desenvolvimento\DRSistemas\DR Projeto\SGCO\Backup\DRGlobal.Server\DSEmpresa.xsc">
</Event><Event ErrorLevel="0" Project="DRGlobal.Server" Source="DRGlobal.Server\DSEmpresa.xsd" Description="File successfully backed up as F:\Desenvolvimento\DRSistemas\DR Projeto\SGCO\Backup\DRGlobal.Server\DSEmpresa.xsd">
</Event><Event ErrorLevel="0" Project="DRGlobal.Server" Source="DRGlobal.Server\DSEmpresa.xss" Description="File successfully backed up as F:\Desenvolvimento\DRSistemas\DR Projeto\SGCO\Backup\DRGlobal.Server\DSEmpresa.xss">
</Event><Event ErrorLevel="0" Project="DRGlobal.Server" Source="DRGlobal.Server\DSUser.xsc" Description="File successfully backed up as F:\Desenvolvimento\DRSistemas\DR Projeto\SGCO\Backup\DRGlobal.Server\DSUser.xsc">
</Event><Event ErrorLevel="0" Project="DRGlobal.Server" Source="DRGlobal.Server\DSUser.xsd" Description="File successfully backed up as F:\Desenvolvimento\DRSistemas\DR Projeto\SGCO\Backup\DRGlobal.Server\DSUser.xsd">
</Event><Event ErrorLevel="0" Project="DRGlobal.Server" Source="DRGlobal.Server\DSUser.xss" Description="File successfully backed up as F:\Desenvolvimento\DRSistemas\DR Projeto\SGCO\Backup\DRGlobal.Server\DSUser.xss">
</Event><Event ErrorLevel="0" Project="DRGlobal.Server" Source="DRGlobal.Server\Properties\Settings.settings" Description="File successfully backed up as F:\Desenvolvimento\DRSistemas\DR Projeto\SGCO\Backup\DRGlobal.Server\Properties\Settings.settings">
</Event><Event ErrorLevel="0" Project="DRGlobal.Server" Source="DRGlobal.Server\Properties\Resources.resx" Description="File successfully backed up as F:\Desenvolvimento\DRSistemas\DR Projeto\SGCO\Backup\DRGlobal.Server\Properties\Resources.resx">
</Event><Event ErrorLevel="0" Project="DRGlobal.Server" Source="DRGlobal.Server\DRGlobal.Server.csproj" Description="Project converted successfully">
</Event><Event ErrorLevel="3" Project="DRGlobal.Server" Source="DRGlobal.Server\DRGlobal.Server.csproj" Description="Converted">
</Event><Event ErrorLevel="0" Project="DRPatrimonio.Form" Source="DRPatrimonio.Form\DRPatrimonio.Form.csproj" Description="Project file successfully backed up as F:\Desenvolvimento\DRSistemas\DR Projeto\SGCO\Backup\DRPatrimonio.Form\DRPatrimonio.Form.csproj">
</Event><Event ErrorLevel="0" Project="DRPatrimonio.Form" Source="DRPatrimonio.Form\DRCadPatrimonio.cs" Description="File successfully backed up as F:\Desenvolvimento\DRSistemas\DR Projeto\SGCO\Backup\DRPatrimonio.Form\DRCadPatrimonio.cs">
</Event><Event ErrorLevel="0" Project="DRPatrimonio.Form" Source="DRPatrimonio.Form\DRCadPatrimonio.Designer.cs" Description="File successfully backed up as F:\Desenvolvimento\DRSistemas\DR Projeto\SGCO\Backup\DRPatrimonio.Form\DRCadPatrimonio.Designer.cs">
</Event><Event ErrorLevel="0" Project="DRPatrimonio.Form" Source="DRPatrimonio.Form\Properties\AssemblyInfo.cs" Description="File successfully backed up as F:\Desenvolvimento\DRSistemas\DR Projeto\SGCO\Backup\DRPatrimonio.Form\Properties\AssemblyInfo.cs">
</Event><Event ErrorLevel="0" Project="DRPatrimonio.Form" Source="DRPatrimonio.Form\Properties\Resources.Designer.cs" Description="File successfully backed up as F:\Desenvolvimento\DRSistemas\DR Projeto\SGCO\Backup\DRPatrimonio.Form\Properties\Resources.Designer.cs">
</Event><Event ErrorLevel="0" Project="DRPatrimonio.Form" Source="DRPatrimonio.Form\Resources\exit.png" Description="File successfully backed up as F:\Desenvolvimento\DRSistemas\DR Projeto\SGCO\Backup\DRPatrimonio.Form\Resources\exit.png">
</Event><Event ErrorLevel="0" Project="DRPatrimonio.Form" Source="DRPatrimonio.Form\Resources\kghostview.png" Description="File successfully backed up as F:\Desenvolvimento\DRSistemas\DR Projeto\SGCO\Backup\DRPatrimonio.Form\Resources\kghostview.png">
</Event><Event ErrorLevel="0" Project="DRPatrimonio.Form" Source="DRPatrimonio.Form\DRCadPatrimonio.resx" Description="File successfully backed up as F:\Desenvolvimento\DRSistemas\DR Projeto\SGCO\Backup\DRPatrimonio.Form\DRCadPatrimonio.resx">
</Event><Event ErrorLevel="0" Project="DRPatrimonio.Form" Source="DRPatrimonio.Form\Properties\Resources.resx" Description="File successfully backed up as F:\Desenvolvimento\DRSistemas\DR Projeto\SGCO\Backup\DRPatrimonio.Form\Properties\Resources.resx">
</Event><Event ErrorLevel="0" Project="DRPatrimonio.Form" Source="DRPatrimonio.Form\DRPatrimonio.Form.csproj" Description="Project converted successfully">
</Event><Event ErrorLevel="3" Project="DRPatrimonio.Form" Source="DRPatrimonio.Form\DRPatrimonio.Form.csproj" Description="Converted">
</Event><Event ErrorLevel="0" Project="DRPatrimonio.Server" Source="DRPatrimonio.Server\DRPatrimonio.Server.csproj" Description="Project file successfully backed up as F:\Desenvolvimento\DRSistemas\DR Projeto\SGCO\Backup\DRPatrimonio.Server\DRPatrimonio.Server.csproj">
</Event><Event ErrorLevel="0" Project="DRPatrimonio.Server" Source="DRPatrimonio.Server\DRPatrimonioServer.cs" Description="File successfully backed up as F:\Desenvolvimento\DRSistemas\DR Projeto\SGCO\Backup\DRPatrimonio.Server\DRPatrimonioServer.cs">
</Event><Event ErrorLevel="0" Project="DRPatrimonio.Server" Source="DRPatrimonio.Server\DSPatrimonio.cs" Description="File successfully backed up as F:\Desenvolvimento\DRSistemas\DR Projeto\SGCO\Backup\DRPatrimonio.Server\DSPatrimonio.cs">
</Event><Event ErrorLevel="0" Project="DRPatrimonio.Server" Source="DRPatrimonio.Server\DSPatrimonio.Designer.cs" Description="File successfully backed up as F:\Desenvolvimento\DRSistemas\DR Projeto\SGCO\Backup\DRPatrimonio.Server\DSPatrimonio.Designer.cs">
</Event><Event ErrorLevel="0" Project="DRPatrimonio.Server" Source="DRPatrimonio.Server\Properties\AssemblyInfo.cs" Description="File successfully backed up as F:\Desenvolvimento\DRSistemas\DR Projeto\SGCO\Backup\DRPatrimonio.Server\Properties\AssemblyInfo.cs">
</Event><Event ErrorLevel="0" Project="DRPatrimonio.Server" Source="DRPatrimonio.Server\DSPatrimonio.xsc" Description="File successfully backed up as F:\Desenvolvimento\DRSistemas\DR Projeto\SGCO\Backup\DRPatrimonio.Server\DSPatrimonio.xsc">
</Event><Event ErrorLevel="0" Project="DRPatrimonio.Server" Source="DRPatrimonio.Server\DSPatrimonio.xsd" Description="File successfully backed up as F:\Desenvolvimento\DRSistemas\DR Projeto\SGCO\Backup\DRPatrimonio.Server\DSPatrimonio.xsd">
</Event><Event ErrorLevel="0" Project="DRPatrimonio.Server" Source="DRPatrimonio.Server\DSPatrimonio.xss" Description="File successfully backed up as F:\Desenvolvimento\DRSistemas\DR Projeto\SGCO\Backup\DRPatrimonio.Server\DSPatrimonio.xss">
</Event><Event ErrorLevel="0" Project="DRPatrimonio.Server" Source="DRPatrimonio.Server\DRPatrimonio.Server.csproj" Description="Project converted successfully">
</Event><Event ErrorLevel="3" Project="DRPatrimonio.Server" Source="DRPatrimonio.Server\DRPatrimonio.Server.csproj" Description="Converted">
</Event><Event ErrorLevel="0" Project="" Source="DRProjeto.sln" Description="Solution converted successfully">
</Event><Event ErrorLevel="3" Project="" Source="DRProjeto.sln" Description="Converted">
</Event><Event ErrorLevel="0" Project="SGFOC" Source="DRProjetoMain\SGFOC.csproj" Description="Scan complete: Upgrade not required for project files.">
</Event><Event ErrorLevel="0" Project="DRProjetoCadastro.Form" Source="DRProjetoCadastro.Form\DRProjetoCadastro.Form.csproj" Description="Scan complete: Upgrade not required for project files.">
</Event><Event ErrorLevel="0" Project="DRProjetoCadastro.Server" Source="DRProjetoCadastro.Server\DRProjetoCadastro.Server.csproj" Description="Scan complete: Upgrade not required for project files.">
</Event><Event ErrorLevel="0" Project="DRRelatorios.Rel" Source="DRRelatorios.Rel\DRRelatorios.Rel.csproj" Description="Scan complete: Upgrade not required for project files.">
</Event><Event ErrorLevel="0" Project="DRGlobal.Form" Source="DRGlobal.Form\DRGlobal.Form.csproj" Description="Scan complete: Upgrade not required for project files.">
</Event><Event ErrorLevel="0" Project="DRGlobal.Server" Source="DRGlobal.Server\DRGlobal.Server.csproj" Description="Scan complete: Upgrade not required for project files.">
</Event><Event ErrorLevel="0" Project="DRPatrimonio.Form" Source="DRPatrimonio.Form\DRPatrimonio.Form.csproj" Description="Scan complete: Upgrade not required for project files.">
</Event><Event ErrorLevel="0" Project="DRPatrimonio.Server" Source="DRPatrimonio.Server\DRPatrimonio.Server.csproj" Description="Scan complete: Upgrade not required for project files.">
</Event></UpgradeLog>